<?xml version="1.0" encoding="UTF-8"?>
<metadata xml:lang="es"><Esri><CreaDate>20230225</CreaDate><CreaTime>09110400</CreaTime><ArcGISFormat>1.0</ArcGISFormat><SyncOnce>TRUE</SyncOnce><DataProperties><lineage><Process ToolSource="c:\program files (x86)\arcgis\desktop10.2\ArcToolbox\Toolboxes\Spatial Analyst Tools.tbx\RasterCalculator" Date="20230225" Time="091104">RasterCalculator Con("ASTERFdr.tif"==1, 20, Con("ASTERFdr.tif"==2, 21, Con("ASTERFdr.tif"==4, 22, Con("ASTERFdr.tif"==8, 23, Con("ASTERFdr.tif"==16, 24, Con("ASTERFdr.tif"==32, 25, Con("ASTERFdr.tif"==64, 26, Con("ASTERFdr.tif"==128, 27, 255)))))))) C:\R.LTWB\HECGeoHMS\Layers\ASTERFdrrcfdtools.tif</Process></lineage></DataProperties></Esri></metadata>
