<PAMDataset>
  <PAMRasterBand band="1">
    <Metadata>
      <MDI key="STATISTICS_MINIMUM">20</MDI>
      <MDI key="STATISTICS_MAXIMUM">27</MDI>
      <MDI key="STATISTICS_MEAN">23.438875994801</MDI>
      <MDI key="STATISTICS_STDDEV">2.2271259366053</MDI>
      <MDI key="STATISTICS_SKIPFACTORX">1</MDI>
      <MDI key="STATISTICS_SKIPFACTORY">1</MDI>
      <MDI key="STATISTICS_EXCLUDEDVALUES"></MDI>
      <MDI key="STATISTICS_COVARIANCES">4.96008993749985</MDI>
    </Metadata>
  </PAMRasterBand>
</PAMDataset>
