<?xml version="1.0" encoding="UTF-8"?>
<metadata xml:lang="es"><Esri><CreaDate>20230226</CreaDate><CreaTime>14424600</CreaTime><ArcGISFormat>1.0</ArcGISFormat><SyncOnce>TRUE</SyncOnce><DataProperties><lineage><Process ToolSource="c:\program files (x86)\arcgis\desktop10.2\ArcToolbox\Toolboxes\Spatial Analyst Tools.tbx\FlowAccumulation" Date="20230226" Time="144246">FlowAccumulation C:\R.LTWB\HECGeoHMS\Layers\ASTERFdr.tif C:\R.LTWB\HECGeoHMS\Layers\ASTERFac.tif # FLOAT</Process><Process ToolSource="c:\program files (x86)\arcgis\desktop10.2\ArcToolbox\Toolboxes\Arc Hydro Tools.tbx\FlowAccumulation" Date="20230226" Time="144248">FlowAccumulation ASTERFdr.tif C:\R.LTWB\HECGeoHMS\Layers\ASTERFac.tif</Process></lineage></DataProperties></Esri></metadata>
