<?xml version="1.0" encoding="UTF-8"?>
<metadata xml:lang="es"><Esri><CreaDate>20230223</CreaDate><CreaTime>20414800</CreaTime><ArcGISFormat>1.0</ArcGISFormat><SyncOnce>TRUE</SyncOnce><DataProperties><lineage><Process ToolSource="c:\program files (x86)\arcgis\desktop10.2\ArcToolbox\Toolboxes\Spatial Analyst Tools.tbx\Fill" Date="20230223" Time="204148">Fill C:\R.LTWB\HECGeoHMS\Layers\ASTERAgreeDEM.tif C:\R.LTWB\HECGeoHMS\Layers\ASTERFil.tif #</Process><Process ToolSource="c:\program files (x86)\arcgis\desktop10.2\ArcToolbox\Toolboxes\Arc Hydro Tools.tbx\FillSinks" Date="20230223" Time="204150">FillSinks ASTERAgreeDEM.tif C:\R.LTWB\HECGeoHMS\Layers\ASTERFil.tif # # ISSINK_NO</Process></lineage></DataProperties></Esri></metadata>
